<application>
  <component name="SettingsSyncSettings">
    <option name="disabledSubcategories">
      <map>
        <entry key="PLUGINS">
          <value>
            <list>
              <option value="AceJump" />
              <option value="String Manipulation" />
              <option value="com.intellij.wiremock" />
              <option value="com.jetbrains.jax.ws" />
              <option value="com.redhat.devtools.intellij.telemetry" />
              <option value="com.vermouthx.idea" />
              <option value="de.netnexus.camelcaseplugin" />
              <option value="manjaro.mpb" />
              <option value="mdx.js" />
              <option value="org.intellij.plugins.hcl" />
              <option value="org.mapstruct.intellij" />
            </list>
          </value>
        </entry>
      </map>
    </option>
    <option name="migrationFromOldStorageChecked" value="true" />
  </component>
</application>