<application>
  <component name="dataSourceStorage" format="xml" multifile-model="true">
    <data-source source="LOCAL" name="LOCAL - MySQL" uuid="79ad6f16-7371-4b2a-8945-474bba5341be">
      <driver-ref>mysql.8</driver-ref>
      <synchronize>true</synchronize>
      <jdbc-driver>com.mysql.cj.jdbc.Driver</jdbc-driver>
      <jdbc-url>jdbc:mysql://localhost:3306</jdbc-url>
    </data-source>
    <data-source source="LOCAL" name="LOCAL - MongoDB" uuid="f4e4f7a3-6223-4ecd-a93e-2ccdb67c57dd">
      <driver-ref>mongo</driver-ref>
      <synchronize>true</synchronize>
      <jdbc-driver>com.dbschema.MongoJdbcDriver</jdbc-driver>
      <jdbc-url>mongodb://localhost:27017</jdbc-url>
    </data-source>
    <data-source source="LOCAL" name="OLD | QA - MongoDB" uuid="255848aa-7e0a-49c1-8a3b-9fe95739e663">
      <driver-ref>mongo</driver-ref>
      <synchronize>true</synchronize>
      <jdbc-driver>com.dbschema.MongoJdbcDriver</jdbc-driver>
      <jdbc-url>mongodb+srv://cluster-qa.lfnyi.mongodb.net/charge-renegotiation?retryWrites=true&amp;w=majority</jdbc-url>
      <working-dir>$ProjectFileDir$</working-dir>
    </data-source>
    <data-source source="LOCAL" name="QA - Renegotiation " uuid="8ce92e99-46a9-46df-b3f3-a6760ef444c7">
      <driver-ref>redis</driver-ref>
      <synchronize>true</synchronize>
      <jdbc-driver>jdbc.RedisDriver</jdbc-driver>
      <jdbc-url>jdbc:redis:cluster://redis-ms-charge-renegotiation.bfh66s.clustercfg.use1.cache.amazonaws.com:6379/</jdbc-url>
      <working-dir>$ProjectFileDir$</working-dir>
    </data-source>
    <data-source source="LOCAL" name="QA - RNECO" uuid="947f7d07-4c28-442e-ac93-9cf23e64dd70">
      <driver-ref>redis</driver-ref>
      <synchronize>true</synchronize>
      <jdbc-driver>jdbc.RedisDriver</jdbc-driver>
      <jdbc-url>jdbc:redis://redis-rnco-org-eligibilidade-java.bfh66s.clustercfg.use1.cache.amazonaws.com:6379/0</jdbc-url>
      <working-dir>$ProjectFileDir$</working-dir>
    </data-source>
    <data-source source="LOCAL" name="QA - RNCO - Original" uuid="257ef162-693b-4e57-87ec-871c3c54d99e">
      <driver-ref>oracle.19</driver-ref>
      <synchronize>true</synchronize>
      <auto-commit>false</auto-commit>
      <jdbc-driver>oracle.jdbc.OracleDriver</jdbc-driver>
      <jdbc-url>jdbc:oracle:thin:@//bcohx01-scan1:1521/RNCO</jdbc-url>
      <working-dir>$ProjectFileDir$</working-dir>
    </data-source>
    <data-source source="LOCAL" name="NEW | QA - MongoDB" uuid="c00a6564-8d56-4389-aee6-d2522d1411bc">
      <driver-ref>mongo</driver-ref>
      <synchronize>true</synchronize>
      <jdbc-driver>com.dbschema.MongoJdbcDriver</jdbc-driver>
      <jdbc-url>mongodb+srv://recupera-qa.y0skh.mongodb.net/charge-renegotiation?retryWrites=true&amp;w=majority</jdbc-url>
      <working-dir>$ProjectFileDir$</working-dir>
    </data-source>
  </component>
</application>