<application>
  <component name="FileTypeManager" version="19">
    <extensionMap>
      <mapping pattern="CODEOWNERS" type="AUTO_DETECTED" />
      <mapping ext="env" type="Env File" />
      <mapping ext="gradle.kts" type="Kotlin" />
      <mapping ext="space.kts" type="Kotlin" />
      <mapping ext="main.kts" type="Kotlin" />
      <mapping pattern=".sdkmanrc" type="PLAIN_TEXT" />
      <mapping pattern=".dockerignore" type="PLAIN_TEXT" />
      <mapping pattern=".gitkeep" type="PLAIN_TEXT" />
      <mapping pattern=".env_tmp" type="PLAIN_TEXT" />
      <mapping ext="ser" type="PLAIN_TEXT" />
      <removed_mapping ext="env" approved="true" type=".env file" />
      <removed_mapping ext="ignore" approved="true" type="IgnoreLang file" />
      <removed_mapping ext="pdf" approved="true" type="Native" />
      <removed_mapping ext="qute.htm" approved="true" type="Qute" />
      <removed_mapping ext="qute.html" approved="true" type="Qute" />
      <removed_mapping ext="qute.json" approved="true" type="Qute" />
      <removed_mapping ext="qute.txt" approved="true" type="Qute" />
      <removed_mapping ext="qute.yaml" approved="true" type="Qute" />
      <removed_mapping ext="qute.yml" approved="true" type="Qute" />
      <removed_mapping pattern=".dockerignore" approved="true" type="Docker File" />
      <removed_mapping pattern=".env.*" approved="true" type="Env File" />
      <mapping ext="plantuml" type="PlantUML file" />
    </extensionMap>
  </component>
</application>