<application>
  <component name="Trusted.Paths">
    <option name="TRUSTED_PROJECT_PATHS">
      <map>
        <entry key="$USER_HOME$/Workspace/mg-tech/integration-manager" value="true" />
        <entry key="$USER_HOME$/Workspace/mg-tech/observability-stack" value="true" />
        <entry key="$USER_HOME$/Workspace/mg-tech/schedule-task-manager" value="true" />
        <entry key="$USER_HOME$/Workspace/study/hexagonal-architecture" value="true" />
        <entry key="$USER_HOME$/Workspace/study/hexagonal-architecture-spring" value="true" />
      </map>
    </option>
  </component>
  <component name="Trusted.Paths.Settings">
    <option name="TRUSTED_PATHS">
      <list>
        <option value="$USER_HOME$/Workspace/mg-tech" />
        <option value="$USER_HOME$/Workspace/study" />
      </list>
    </option>
  </component>
</application>