<application>
  <component name="WindowManager">
    <frame x="580" y="20" width="1400" height="995" />
  </component>
  <component name="WindowStateApplicationService">
    <state x="1063" y="224" width="424" height="490" key="FileChooserDialogImpl" timestamp="1728862134166">
      <screen x="0" y="0" width="2560" height="1035" />
    </state>
    <state x="1063" y="224" width="424" height="490" key="FileChooserDialogImpl/0.0.2560.1035" timestamp="1728862134166" />
  </component>
</application>