<application>
  <component name="DimensionService">
    <location key="find.popup.0.0.2560.1080" x="404" y="135" />
    <size key="find.popup.0.0.2560.1080" width="689" height="768" />
    <size key="GridCell.Tab.0.left.0.0.2560.1080" width="1212" height="308" />
    <size key="GridCell.Tab.0.center.0.0.2560.1080" width="1212" height="308" />
    <size key="GridCell.Tab.0.right.0.0.2560.1080" width="1212" height="308" />
    <size key="GridCell.Tab.0.bottom.0.0.2560.1080" width="1212" height="308" />
    <size key="GridCell.Tab.1.left.0.0.2560.1080" width="1212" height="308" />
    <size key="GridCell.Tab.1.center.0.0.2560.1080" width="1212" height="308" />
    <size key="GridCell.Tab.1.right.0.0.2560.1080" width="1212" height="308" />
    <size key="GridCell.Tab.1.bottom.0.0.2560.1080" width="1212" height="308" />
    <size key="GridCell.Tab.2.left.0.0.2560.1080" width="1212" height="308" />
    <size key="GridCell.Tab.2.center.0.0.2560.1080" width="1212" height="308" />
    <size key="GridCell.Tab.2.right.0.0.2560.1080" width="1212" height="308" />
    <size key="GridCell.Tab.2.bottom.0.0.2560.1080" width="1212" height="308" />
  </component>
  <component name="WindowManager">
    <frame x="1280" y="0" width="1280" height="1035" extendedState="5" />
  </component>
  <component name="WindowStateApplicationService">
    <state x="1063" y="224" width="424" height="490" key="FileChooserDialogImpl" timestamp="1728862134166">
      <screen x="0" y="0" width="2560" height="1035" />
    </state>
    <state x="1063" y="224" width="424" height="490" key="FileChooserDialogImpl/0.0.2560.1035" timestamp="1728862134166" />
    <state width="620" height="141" key="ShowUsagesActions.dimensionServiceKey" timestamp="1729025333443">
      <screen x="0" y="0" width="2560" height="1035" />
    </state>
    <state width="620" height="141" key="ShowUsagesActions.dimensionServiceKey/0.0.2560.1035" timestamp="1729025333443" />
  </component>
</application>