<keymap version="1" name="XWin copy" parent="Default for XWin">
  <action id="ActivateTerminalToolWindow">
    <keyboard-shortcut first-keystroke="alt f12" />
    <keyboard-shortcut first-keystroke="shift ctrl q" />
  </action>
  <action id="Jdbc.OpenConsole.New" />
  <action id="Jdbc.OpenConsole.New.Generate" />
  <action id="SplitVertically">
    <keyboard-shortcut first-keystroke="ctrl h" />
  </action>
  <action id="TypeHierarchy" />
  <action id="TypeHierarchyBase.BaseOnThisType" />
</keymap>