<application>
  <component name="DimensionService">
    <location key="find.popup.0.0.2560.1080" x="1044" y="135" />
    <size key="GridCell.Tab.0.left.0.0.2560.1080" width="2478" height="537" />
    <size key="GridCell.Tab.0.center.0.0.2560.1080" width="2478" height="537" />
    <size key="GridCell.Tab.0.right.0.0.2560.1080" width="2478" height="537" />
    <size key="GridCell.Tab.0.bottom.0.0.2560.1080" width="2478" height="537" />
    <size key="find.popup.0.0.2560.1080" width="645" height="840" />
    <size key="GridCell.Tab.1.left.0.0.2560.1080" width="2478" height="537" />
    <size key="GridCell.Tab.1.center.0.0.2560.1080" width="2478" height="537" />
    <size key="GridCell.Tab.1.right.0.0.2560.1080" width="2478" height="537" />
    <size key="GridCell.Tab.1.bottom.0.0.2560.1080" width="2478" height="537" />
    <size key="GridCell.Tab.2.left.0.0.2560.1080" width="2478" height="537" />
    <size key="GridCell.Tab.2.center.0.0.2560.1080" width="2478" height="537" />
    <size key="GridCell.Tab.2.right.0.0.2560.1080" width="2478" height="537" />
    <size key="GridCell.Tab.2.bottom.0.0.2560.1080" width="2478" height="537" />
    <size key="GridCell.Tab.3.left.0.0.2560.1080" width="2478" height="537" />
    <size key="GridCell.Tab.3.center.0.0.2560.1080" width="2478" height="537" />
    <size key="GridCell.Tab.3.right.0.0.2560.1080" width="2478" height="537" />
    <size key="GridCell.Tab.3.bottom.0.0.2560.1080" width="2478" height="537" />
  </component>
  <component name="WindowManager">
    <frame x="0" y="0" width="2560" height="1035" extendedState="6" />
  </component>
  <component name="WindowStateApplicationService">
    <state x="1068" y="191" width="424" height="518" key="FileChooserDialogImpl" timestamp="1749508103466">
      <screen x="0" y="0" width="2560" height="1035" />
    </state>
    <state x="1068" y="191" width="424" height="518" key="FileChooserDialogImpl/0.0.2560.1035" timestamp="1749508103466" />
    <state width="576" height="163" key="ShowUsagesActions.dimensionServiceKey" timestamp="1749514187925">
      <screen x="0" y="0" width="2560" height="1035" />
    </state>
    <state width="576" height="163" key="ShowUsagesActions.dimensionServiceKey/0.0.2560.1035" timestamp="1749514187925" />
  </component>
</application>