<application>
  <component name="WindowManager">
    <frame x="1280" y="0" width="1280" height="1035" extendedState="4" />
  </component>
  <component name="WindowStateApplicationService">
    <state x="1068" y="191" width="424" height="518" key="FileChooserDialogImpl" timestamp="1749508103466">
      <screen x="0" y="0" width="2560" height="1035" />
    </state>
    <state x="1068" y="191" width="424" height="518" key="FileChooserDialogImpl/0.0.2560.1035" timestamp="1749508103466" />
  </component>
</application>