<keymap version="1" name="macOS copy 1" parent="Mac OS X 10.5+">
  <action id="ActivateDatabaseToolWindow">
    <keyboard-shortcut first-keystroke="meta 3" />
  </action>
  <action id="ActivateFindToolWindow" />
  <action id="ActivateTerminalToolWindow">
    <keyboard-shortcut first-keystroke="alt f12" />
    <keyboard-shortcut first-keystroke="shift ctrl q" />
  </action>
  <action id="EditorContextInfo" />
  <action id="FileChooser.GotoModule" />
  <action id="SelectIn" />
  <action id="SelectInProjectView">
    <keyboard-shortcut first-keystroke="alt f1" />
  </action>
  <action id="SplitVertically">
    <keyboard-shortcut first-keystroke="ctrl h" />
  </action>
  <action id="TypeHierarchy" />
  <action id="TypeHierarchyBase.BaseOnThisType" />
</keymap>